"","mes","prom_Barrera","prom_Chochos","prom_Dani","prom_Velez"
"1",2024-12-01,0.440414507772021,0.487046632124352,0.455958549222798,0.321243523316062
